# Google Organic Search Traffic,
# Start date: 20220501,
# End date: 20221010,
landingpage,orggooglesearchimpressions
/wtforms-flask-oracle-rest-apis-ords/,683
/clean-a-csv-with-regular-expressions-pandas-and-python/,544
/sort-oracle-json-python-or-queries/,273
/tag/oracle-cloudworld-2022/,249
/python-folium-oracle-ords-apis/,244
/flask-folium-ords-oracle-cloudworld-2022/,195
/get-requests-with-python-ords-and-the-oracle-autonomous-database/,180
/tag/leaflet-js/,137
/python-post-requests-three-ways-with-oracle-rest-data-services-ords/,131
/,97
/project-overview-python-flask-ords-autonomous-database/,89
/blog/,60
/create-a-user-in-oracle-autonomous-database-for-dummies/,56
/tag/oracle-rest-database-services/,51
/primary-and-foreign-keys-oracle-autonomous/,50
/tag/adb/,40
/oracle-rest-apis-a-livelabs-review/,26
/tag/folium/,25
/tag/database/,18
/tag/leaflet/,17
/category/autonomous-database/,15
/category/rest-apis/,14
/tag/apis/,14
/tag/flask/,13
/about/,11
/tag/cloudworld/,9
/tag/database-actions/,9
/tag/oci/,8
/tag/wtforms/,8
/category/python/,6
/home/,6
/tag/api/,5
/tag/get-requests/,5
/author/admin/,4
/tag/oracle-cloud-infrastructure/,4
/tag/workshop/,4
/contact/,3
/tag/csv/,3
/tag/rdms/,3
/fun-with-python-get-requests-medium-stats-and-the-oracle-autonomous-database/,2
/page/2/,2
/category/social/,1
/friday-fun-with-python-get-requests-and-the-oracle-autonomous-database/,1
/tag/cloud/,1
/tag/general/,1
/tag/pandas/,1
/tag/post-requests/,1
/tag/post/,1
/tag/social/,1